역이름,역지역,위도,경도,호선
낙성대,수도권,37.47708963,126.9635058,2호선
구룡,수도권,37.48702744,127.0594749,분당선
서울대입구,수도권,37.4812845,126.9526951,2호선
불광,수도권,37.61004419,126.9303022,3호선
월롱,수도권,37.79620379,126.7925632,경의선
안국,수도권,37.57649291,126.9854192,3호선
부발,수도권,37.2603924,127.490308,경강선
강변,수도권,37.53511805,127.094723,2호선
영등포구청,수도권,37.52583052,126.8966683,2호선
동대입구,수도권,37.55905041,127.0052968,3호선
잠실새내,수도권,37.51160835,127.0863007,2호선
당산,수도권,37.5347735,126.9026073,2호선
약수,수도권,37.55449098,127.0108871,3호선
충정로,수도권,37.55974797,126.9644842,2호선
녹번,수도권,37.60080316,126.9358144,3호선
종합운동장,수도권,37.51113026,127.0738359,2호선
합정,수도권,37.54990144,126.9144473,2호선
금호,수도권,37.54825552,127.0158201,3호선
홍대입구,수도권,37.55686353,126.923765,2호선
홍제,수도권,37.58878817,126.944158,3호선
옥수,수도권,37.54155186,127.0173802,3호선
압구정,수도권,37.52648497,127.028486,3호선
삼성,수도권,37.50881193,127.0630209,2호선
신답,수도권,37.56983509,127.0470665,2호선
신사,수도권,37.51643147,127.0202927,3호선
가정중앙시장,수도권,37.51752274,126.6768052,인천2호선
선릉,수도권,37.50449378,127.0489481,2호선
신정네거리,수도권,37.5202159,126.852876,2호선
지축,수도권,37.64814503,126.9138361,3호선
구파발,수도권,37.63641776,126.9188347,3호선
연신내,수도권,37.61919243,126.9210962,3호선
무악재,수도권,37.58255602,126.950231,3호선
독립문,수도권,37.57446808,126.9579114,3호선
경복궁,수도권,37.5757881,126.9736687,3호선
종로3가,수도권,37.57042084,126.9921442,3호선
을지로3가,수도권,37.56627618,126.9909675,3호선
동오,수도권,37.74525189,127.0569805,의정부경전철
역삼,수도권,37.50066001,127.0364604,2호선
강남,수도권,37.49808544,127.0279777,2호선
교대,수도권,37.49273596,127.0138634,2호선
방배,수도권,37.48145613,126.9975353,2호선
사당,수도권,37.47655322,126.9815495,2호선
봉천,수도권,37.48246891,126.941682,2호선
신림,수도권,37.48426443,126.9297409,2호선
신대방,수도권,37.48764145,126.9135007,2호선
구로디지털단지,수도권,37.48525337,126.9014731,2호선
신도림,수도권,37.50890487,126.891308,2호선
문래,수도권,37.51797209,126.8947562,2호선
신촌,수도권,37.55519546,126.9369627,2호선
이대,수도권,37.5568039,126.9464228,2호선
아현,수도권,37.55740257,126.9561329,2호선
잠원,수도권,37.51288271,127.0114014,3호선
고속터미널,수도권,37.50453984,127.0051346,3호선
교대,수도권,37.49273596,127.0138634,3호선
남부터미널,수도권,37.48518522,127.0161912,3호선
양재,수도권,37.48456871,127.034146,3호선
매봉,수도권,37.48692506,127.0466979,3호선
효자,수도권,37.75397977,127.0772084,의정부경전철
까치산,수도권,37.53222704,126.8464262,2호선
시청,수도권,37.56533728,126.9771812,2호선
을지로입구,수도권,37.5660229,126.982184,2호선
을지로3가,수도권,37.56627618,126.9909675,2호선
을지로4가,수도권,37.5666369,126.997623,2호선
동대문역사문화공원,수도권,37.56564549,127.0089872,2호선
신당,수도권,37.56566224,127.0194685,2호선
한양대,수도권,37.55570879,127.0436172,2호선
뚝섬,수도권,37.54723796,127.0473692,2호선
성수,수도권,37.54458522,127.0560579,2호선
건대입구,수도권,37.54039761,127.0692029,2호선
구의,수도권,37.53716086,127.0861718,2호선
잠실나루,수도권,37.5206944,127.1037997,2호선
잠실,수도권,37.51330927,127.1002152,2호선
용답,수도권,37.56212098,127.0508873,2호선
도곡,수도권,37.49097578,127.0554977,3호선
대치,수도권,37.49448585,127.0631898,3호선
학여울,수도권,37.496878,127.071153,3호선
대청,수도권,37.49370112,127.0795179,3호선
일원,수도권,37.48398507,127.0841207,3호선
수서,수도권,37.48528432,127.1044517,3호선
가락시장,수도권,37.49309205,127.1182582,3호선
경찰병원,수도권,37.49598689,127.1244824,3호선
오금,수도권,37.50212807,127.1279306,3호선
당고개,수도권,37.67020604,127.0790485,4호선
상계,수도권,37.66071334,127.0734171,4호선
노원,수도권,37.65634036,127.0634401,4호선
창동,수도권,37.65332049,127.0476405,4호선
쌍문,수도권,37.6485318,127.0346516,4호선
수유,수도권,37.63786648,127.0254921,4호선
미아,수도권,37.62664008,127.026032,4호선
미아사거리,수도권,37.61326845,127.0300821,4호선
길음,수도권,37.60337676,127.02505,4호선
성신여대입구,수도권,37.59296272,127.0171204,4호선
한성대입구,수도권,37.58840479,127.0060008,4호선
혜화,수도권,37.5820259,127.0019246,4호선
동대문,수도권,37.571664,127.010618,4호선
동대문역사문화공원,수도권,37.56564549,127.0089872,4호선
충무로,수도권,37.56139298,126.9941372,4호선
명동,수도권,37.56095986,126.9863956,4호선
회현,수도권,37.55876024,126.9784282,4호선
서울역,수도권,37.55331631,126.9697383,4호선
숙대입구,수도권,37.54459523,126.9721181,4호선
삼각지,수도권,37.53443213,126.9729139,4호선
신용산,수도권,37.52925915,126.9679605,4호선
이촌,수도권,37.52244891,126.9733255,4호선
동작,수도권,37.50297056,126.980299,4호선
총신대입구,수도권,37.48678878,126.9822028,4호선
사당,수도권,37.47655322,126.9815495,4호선
남태령,수도권,37.46424635,126.9890807,4호선
남영,수도권,37.54055856,126.9713276,1호선
용산,수도권,37.53006915,126.964815,1호선
노량진,수도권,37.51357125,126.9408887,1호선
대방,수도권,37.51334692,126.9264787,1호선
어룡,수도권,37.74267613,127.0851841,의정부경전철
영등포,수도권,37.51567647,126.9078579,1호선
신도림,수도권,37.50890487,126.891308,1호선
이촌,수도권,37.52244891,126.9733255,경의선
서빙고,수도권,37.51955012,126.988394,경의선
옥수,수도권,37.54155186,127.0173802,경의선
응봉,수도권,37.54994542,127.0344701,경의선
왕십리,수도권,37.56126116,127.0370785,경의선
청량리,수도권,37.58071852,127.0484998,경의선
회기,수도권,37.5897782,127.0580393,1호선
외대앞,수도권,37.59626243,127.0636834,1호선
신이문,수도권,37.60177445,127.0673799,1호선
광운대,수도권,37.62383376,127.0616906,1호선
월계,수도권,37.63325953,127.0588435,1호선
녹천,수도권,37.64463345,127.0513741,1호선
창동,수도권,37.65332049,127.0476405,1호선
선릉,수도권,37.50449378,127.0489481,분당선
한티,수도권,37.4962749,127.0529007,분당선
도곡,수도권,37.49097578,127.0554977,분당선
개포동,수도권,37.48913227,127.0661026,분당선
대모산입구,수도권,37.49154287,127.0730703,분당선
왕십리,수도권,37.56126116,127.0370785,분당선
수서,수도권,37.48528432,127.1044517,분당선
복정,수도권,37.47073829,127.1267014,분당선
신길,수도권,37.51678342,126.9183536,1호선
중랑,수도권,37.5948318,127.0756623,경의선
상봉,수도권,37.59669897,127.0857421,경의선
망우,수도권,37.59928883,127.0923583,경의선
양원,수도권,36.96378243,129.0912785,경의선
구리,수도권,37.60325633,127.1433464,경의선
도농,수도권,37.60876542,127.1611605,경의선
양정,수도권,37.60401174,127.1946713,경의선
덕소,수도권,37.58688676,127.2088246,경의선
도심,수도권,37.57963547,127.2226838,경의선
팔당,수도권,37.54735586,127.2439526,경의선
운길산,수도권,37.55464256,127.3102271,경의선
양수,수도권,37.54595984,127.3291338,경의선
신원,수도권,37.5255748,127.3730735,경의선
국수,수도권,37.51617276,127.3992917,경의선
아신,수도권,37.51390779,127.4432114,경의선
오빈,수도권,37.50614917,127.4736568,경의선
석계,수도권,37.61500193,127.0656702,1호선
양평,수도권,37.52556883,126.8864193,경의선
원덕,수도권,37.46876732,127.5465586,경의선
용문,수도권,37.48261007,127.5943715,경의선
지평,수도권,37.4768771,127.6296665,경의선
서울역,수도권,37.55331631,126.9697383,경의선
신촌,수도권,37.55519546,126.9369627,경의선
효창공원앞,수도권,37.53929433,126.9613936,경의선
공덕,수도권,37.54453447,126.9514331,경의선
서강대,수도권,37.55213127,126.935494,경의선
홍대입구,수도권,37.55686353,126.923765,경의선
수색,수도권,37.58080849,126.8956414,경의선
화전,수도권,37.60330604,126.8683857,경의선
강매,수도권,37.61228686,126.8444948,경의선
행신,수도권,37.61196662,126.8342796,경의선
능곡,수도권,37.61901009,126.8204224,경의선
곡산,수도권,37.64575754,126.8017978,경의선
백마,수도권,37.6580166,126.7946029,경의선
풍산,수도권,37.67232736,126.7862662,경의선
일산,수도권,37.6820093,126.7700045,경의선
탄현,수도권,37.69397448,126.7610556,경의선
야당,수도권,37.7126074,126.7614495,경의선
운정,수도권,37.72559277,126.7671475,경의선
금릉,수도권,37.75132092,126.7653875,경의선
금촌,수도권,37.76615076,126.7746017,경의선
파주,수도권,37.81535838,126.7926913,경의선
문산,수도권,37.85461245,126.7873772,경의선
임진강,수도권,37.88826421,126.7470603,경의선
광운대,수도권,37.62383376,127.0616906,경춘선
청량리,수도권,37.58071852,127.0484998,경춘선
회기,수도권,37.5897782,127.0580393,경춘선
상봉,수도권,37.59669897,127.0857421,경춘선
망우,수도권,37.59928883,127.0923583,경춘선
신내,수도권,37.61248742,127.1042669,경춘선
갈매,수도권,37.63406534,127.1147426,경춘선
별내,수도권,37.64205356,127.1269691,경춘선
퇴계원,수도권,37.64825136,127.1435235,경춘선
사릉,수도권,37.65110718,127.1769126,경춘선
금곡,수도권,37.63734436,127.2075155,경춘선
평내호평,수도권,37.65320301,127.2444344,경춘선
천마산,수도권,37.6592205,127.2850491,경춘선
마석,수도권,37.65277422,127.3116774,경춘선
대성리,수도권,37.68398291,127.3796926,경춘선
청평,수도권,37.73550205,127.4266046,경춘선
상천,수도권,37.77017487,127.4544975,경춘선
가평,수도권,37.81450566,127.5107348,경춘선
굴봉산,수도권,37.83205898,127.5577698,경춘선
백양리,수도권,37.83078819,127.5893159,경춘선
강촌,수도권,37.80570741,127.6341287,경춘선
디지털미디어시티,수도권,37.57600202,126.9012631,경의선
김유정,수도권,37.81843831,127.7143057,경춘선
남춘천,수도권,37.86403969,127.7238142,경춘선
춘천,수도권,37.88449835,127.7166939,경춘선
봉명,수도권,36.80141984,127.1360336,1호선
쌍용,수도권,36.79372219,127.1213648,1호선
아산,수도권,36.79460339,127.1043579,1호선
배방,수도권,36.7776965,127.0527836,1호선
온양온천,수도권,36.78053767,127.0031815,1호선
신창,수도권,36.76962428,126.9513886,1호선
선바위,수도권,37.45174078,127.0022151,4호선
경마공원,수도권,37.44395578,127.00782,4호선
대공원,수도권,37.43604493,127.0067344,4호선
과천,수도권,37.4328735,126.9966103,4호선
정부과천청사,수도권,37.42649391,126.9898545,4호선
인덕원,수도권,37.40147975,126.9766663,4호선
평촌,수도권,37.3942323,126.9637945,4호선
범계,수도권,37.38977654,126.9507652,4호선
금정,수도권,37.37245559,126.9434607,4호선
삼동,수도권,37.40867752,127.203359,경강선
경기광주,수도권,37.39894023,127.2532736,경강선
초월,수도권,37.37336832,127.2999052,경강선
곤지암,수도권,37.35053595,127.3462468,경강선
신둔도예촌,수도권,37.31560508,127.4052227,경강선
이천,수도권,37.26422223,127.4421498,경강선
여주,수도권,37.2828597,127.62852,경강선
구로,수도권,37.50332802,126.8822911,1호선
가산디지털단지,수도권,37.48038874,126.8826437,1호선
금천구청,수도권,37.45617995,126.8935996,1호선
석수,수도권,37.43508572,126.9023072,1호선
관악,수도권,37.41955714,126.9084955,1호선
안양,수도권,37.40185319,126.9226348,1호선
명학,수도권,37.38445321,126.9355928,1호선
금정,수도권,37.37245559,126.9434607,1호선
의왕,수도권,37.32034211,126.9479675,1호선
성균관대,수도권,37.300329,126.971013,1호선
화서,수도권,37.28398727,126.989603,1호선
수원,수도권,37.2657867,127.0000902,1호선
독산,수도권,37.46596115,126.8894711,1호선
세류,수도권,37.24387252,127.0137952,1호선
군포,수도권,37.35418507,126.9485085,1호선
병점,수도권,37.20674549,127.0331869,1호선
세마,수도권,37.18711726,127.0434268,1호선
오산대,수도권,37.16933963,127.0630757,1호선
송탄,수도권,37.07570545,127.0542715,1호선
서정리,수도권,37.05654929,127.0528637,1호선
평택,수도권,36.99096795,127.0852821,1호선
성환,수도권,36.91612238,127.1268778,1호선
직산,수도권,36.87092205,127.1438058,1호선
두정,수도권,36.83359183,127.1490719,1호선
천안,수도권,36.80899436,127.1468277,1호선
당정,수도권,37.343679,126.9483577,1호선
서동탄,수도권,37.19572794,127.0518568,1호선
광명,수도권,37.41643692,126.8847995,1호선
산본,수도권,37.3580157,126.9330418,4호선
대야미,수도권,37.32796512,126.9168885,4호선
반월,수도권,37.31236734,126.9038199,4호선
상록수,수도권,37.30285234,126.8665876,4호선
한대앞,수도권,37.30975702,126.8536706,4호선
중앙,수도권,37.31600848,126.8384964,4호선
고잔,수도권,37.31679727,126.8230166,4호선
초지,수도권,37.32066297,126.8059491,4호선
안산,수도권,37.32701304,126.7888729,4호선
신길온천,수도권,37.33762224,126.7670415,4호선
정왕,수도권,37.35180851,126.7429119,4호선
오이도,수도권,37.36169184,126.7383855,4호선
수리산,수도권,37.35055076,126.9256219,4호선
오이도,수도권,37.36169184,126.7383855,수인선
개봉,수도권,37.49463448,126.8586934,1호선
오류동,수도권,37.49438279,126.8448075,1호선
역곡,수도권,37.48530715,126.8120593,1호선
부천,수도권,37.48397806,126.7830727,1호선
송내,수도권,37.4876132,126.7530306,1호선
부평,수도권,37.48944182,126.7243266,1호선
백운,수도권,37.48332803,126.7072764,1호선
주안,수도권,37.46503882,126.6799476,1호선
제물포,수도권,37.46672224,126.6569483,1호선
동인천,수도권,37.47540683,126.6326025,1호선
인천,수도권,37.47614957,126.6168166,1호선
구일,수도권,37.4962509,126.8696821,1호선
세종대왕릉,수도권,37.2936228,127.5706415,경강선
오산,수도권,37.14470276,127.0666121,1호선
진위,수도권,37.11006822,127.0623515,1호선
동암,수도권,37.47068493,126.7028717,1호선
소사,수도권,37.48279309,126.7956262,1호선
부개,수도권,37.48846983,126.7407256,1호선
간석,수도권,37.46469636,126.6935134,1호선
도원,수도권,37.46876979,126.6425148,1호선
온수,수도권,37.49195669,126.8238253,1호선
중동,수도권,37.48666358,126.7645216,1호선
도화,수도권,37.46610669,126.6685715,1호선
서울숲,수도권,37.54363499,127.0447417,분당선
압구정로데오,수도권,37.52750857,127.0405915,분당선
강남구청,수도권,37.51720086,127.0412872,분당선
선정릉,수도권,37.51092904,127.0436137,분당선
가천대,수도권,37.4485554,127.1266866,분당선
태평,수도권,37.43977839,127.127734,분당선
모란,수도권,37.43402749,127.1299614,분당선
야탑,수도권,37.41135924,127.1287249,분당선
서현,수도권,37.38500102,127.1234179,분당선
수내,수도권,37.37846877,127.1142843,분당선
정자,수도권,37.3661666,127.1080794,분당선
미금,수도권,37.3500734,127.1090044,분당선
이매,수도권,37.39470993,127.1272961,분당선
구성,수도권,37.29896985,127.1056823,분당선
신갈,수도권,37.28613395,127.1112802,분당선
상갈,수도권,37.26180824,127.1087192,분당선
청명,수도권,37.25952516,127.0789555,분당선
영통,수도권,37.2514927,127.0713274,분당선
망포,수도권,37.24582396,127.0568503,분당선
매탄권선,수도권,37.2524983,127.0408041,분당선
수원시청,수도권,37.2619082,127.0308437,분당선
매교,수도권,37.26551532,127.0158961,분당선
달월,수도권,37.38001592,126.74539,수인선
월곶,수도권,37.3918135,126.7427076,수인선
소래포구,수도권,37.4009294,126.7334831,수인선
인천논현,수도권,37.40065197,126.7225515,수인선
호구포,수도권,37.40162775,126.7086787,수인선
남동인더스파크,수도권,37.40773874,126.695214,수인선
원인재,수도권,37.41236884,126.6878756,수인선
청량리,수도권,37.58071852,127.0484998,분당선
보정,수도권,37.31277133,127.1083188,분당선
연수,수도권,37.41791267,126.6787475,수인선
송도,수도권,37.42995442,126.6546757,수인선
인하대,수도권,37.44832057,126.6497545,수인선
숭의,수도권,37.46079235,126.6383933,수인선
인천,수도권,37.47614957,126.6168166,수인선
방학,수도권,37.66743116,127.0443172,1호선
도봉,수도권,37.67919749,127.0455258,1호선
도봉산,수도권,37.68955853,127.0460537,1호선
망월사,수도권,37.71020835,127.0474047,1호선
회룡,수도권,37.72379508,127.0472772,1호선
의정부,수도권,37.73835529,127.0459477,1호선
가능,수도권,37.74839272,127.0442746,1호선
녹양,수도권,37.75938526,127.0422612,1호선
양주,수도권,37.77412414,127.0447213,1호선
덕계,수도권,37.81875259,127.0566735,1호선
덕정,수도권,37.84318405,127.0615548,1호선
지행,수도권,37.89187431,127.0556609,1호선
동두천중앙,수도권,37.90176632,127.0564187,1호선
보산,수도권,37.91414493,127.057156,1호선
동두천,수도권,37.92760607,127.0549143,1호선
원당,수도권,37.65309939,126.8429139,3호선
대곡,수도권,37.63168113,126.810921,3호선
백석,수도권,37.64295874,126.7881179,3호선
마두,수도권,37.65223751,126.7775981,3호선
정발산,수도권,37.65947341,126.773406,3호선
주엽,수도권,37.67013504,126.7612454,3호선
대화,수도권,37.67614293,126.7474874,3호선
방화,수도권,37.57758875,126.8128012,5호선
개화산,수도권,37.57253355,126.8068143,5호선
김포공항,수도권,37.56194774,126.8019069,5호선
송정,수도권,37.561154,126.8124123,5호선
마곡,수도권,37.56021781,126.8246834,5호선
발산,수도권,37.55866872,126.8377251,5호선
우장산,수도권,37.54880987,126.8363206,5호선
화곡,수도권,37.54164355,126.8404324,5호선
원흥,수도권,37.65068496,126.8730162,3호선
까치산,수도권,37.53222704,126.8464262,5호선
신정,수도권,37.52501318,126.8560794,5호선
목동,수도권,37.52612248,126.8646072,5호선
오목교,수도권,37.52453046,126.8752892,5호선
양평,수도권,37.52556883,126.8864193,5호선
영등포구청,수도권,37.52583052,126.8966683,5호선
영등포시장,수도권,37.52270218,126.9051796,5호선
신길,수도권,37.51678342,126.9183536,5호선
여의도,수도권,37.52116647,126.9246384,5호선
여의나루,수도권,37.52713613,126.9329815,5호선
마포,수도권,37.53954051,126.9458467,5호선
공덕,수도권,37.54453447,126.9514331,5호선
애오개,수도권,37.55340233,126.9566558,5호선
충정로,수도권,37.55974797,126.9644842,5호선
서대문,수도권,37.56574923,126.9666319,5호선
광화문,수도권,37.5716441,126.9764096,5호선
종로3가,수도권,37.57042084,126.9921442,5호선
을지로4가,수도권,37.5666369,126.997623,5호선
동대문역사문화공원,수도권,37.56564549,127.0089872,5호선
청구,수도권,37.56020299,127.0139212,5호선
신금호,수도권,37.55447169,127.0204841,5호선
행당,수도권,37.55735297,127.0294937,5호선
왕십리,수도권,37.56126116,127.0370785,5호선
마장,수도권,37.56612455,127.0429667,5호선
답십리,수도권,37.56696761,127.0525432,5호선
장한평,수도권,37.56159218,127.0636992,5호선
군자,수도권,37.5571497,127.0794948,5호선
아차산,수도권,37.55224106,127.0895615,5호선
광나루,수도권,37.54529197,127.1035169,5호선
천호,수도권,37.53849681,127.1239194,5호선
강동,수도권,37.53587473,127.1323782,5호선
길동,수도권,37.53781209,127.1400077,5호선
삼송,수도권,37.65306773,126.8956537,3호선
굽은다리,수도권,37.54550319,127.1428737,5호선
명일,수도권,37.5513943,127.1440392,5호선
고덕,수도권,37.55503956,127.1541639,5호선
상일동,수도권,37.55666348,127.1658921,5호선
둔촌동,수도권,37.52765324,127.1362101,5호선
올림픽공원,수도권,37.51632457,127.1309637,5호선
방이,수도권,37.50874343,127.126087,5호선
오금,수도권,37.50212807,127.1279306,5호선
개롱,수도권,37.49795748,127.1350705,5호선
마천,수도권,37.49503458,127.1528418,5호선
응암,수도권,37.59848384,126.9155241,6호선
역촌,수도권,37.60621934,126.9228313,6호선
불광,수도권,37.61004419,126.9303022,6호선
연신내,수도권,37.61919243,126.9210962,6호선
구산,수도권,37.61124308,126.9172538,6호선
새절,수도권,37.59086003,126.9135625,6호선
증산,수도권,37.58373913,126.9094724,6호선
디지털미디어시티,수도권,37.57600202,126.9012631,6호선
월드컵경기장,수도권,37.56962115,126.8990982,6호선
마포구청,수도권,37.56347996,126.9034075,6호선
망원,수도권,37.55607905,126.9100943,6호선
합정,수도권,37.54990144,126.9144473,6호선
상수,수도권,37.54776257,126.9224163,6호선
광흥창,수도권,37.54748017,126.9320127,6호선
대흥,수도권,37.54762988,126.9424687,6호선
공덕,수도권,37.54453447,126.9514331,6호선
효창공원앞,수도권,37.53929433,126.9613936,6호선
삼각지,수도권,37.53443213,126.9729139,6호선
녹사평,수도권,37.53470477,126.9865361,6호선
이태원,수도권,37.53450718,126.9943203,6호선
한강진,수도권,37.53978717,127.0017425,6호선
버티고개,수도권,37.54782391,127.0067218,6호선
약수,수도권,37.55449098,127.0108871,6호선
거여,수도권,37.49331604,127.1437693,5호선
독바위,수도권,37.61840694,126.9330355,6호선
신당,수도권,37.56566224,127.0194685,6호선
동묘앞,수도권,37.57321306,127.0163461,6호선
창신,수도권,37.57941204,127.0152833,6호선
보문,수도권,37.58553809,127.0199945,6호선
안암,수도권,37.586293,127.0292334,6호선
고려대,수도권,37.59043561,127.0363004,6호선
월곡,수도권,37.60180442,127.0414471,6호선
상월곡,수도권,37.60654081,127.0488111,6호선
돌곶이,수도권,37.61053781,127.0564245,6호선
석계,수도권,37.61500193,127.0656702,6호선
태릉입구,수도권,37.61845592,127.0753917,6호선
봉화산,수도권,37.61734543,127.0913612,6호선
장암,수도권,37.69995296,127.0528183,7호선
도봉산,수도권,37.68955853,127.0460537,7호선
수락산,수도권,37.67787787,127.0553419,7호선
마들,수도권,37.66519095,127.0576899,7호선
노원,수도권,37.65634036,127.0634401,7호선
중계,수도권,37.64507771,127.0641103,7호선
하계,수도권,37.63646213,127.0679777,7호선
태릉입구,수도권,37.61845592,127.0753917,7호선
먹골,수도권,37.61061578,127.0777622,7호선
중화,수도권,37.60254189,127.0792939,7호선
상봉,수도권,37.59669897,127.0857421,7호선
면목,수도권,37.58869687,127.0874993,7호선
사가정,수도권,37.58092958,127.0884864,7호선
용마산,수도권,37.57370489,127.0867572,7호선
중곡,수도권,37.56586804,127.084258,7호선
군자,수도권,37.5571497,127.0794948,7호선
어린이대공원,수도권,37.54794467,127.0746417,7호선
건대입구,수도권,37.54039761,127.0692029,7호선
뚝섬유원지,수도권,37.53155118,127.0667736,7호선
청구,수도권,37.56020299,127.0139212,6호선
화랑대,수도권,37.61983796,127.0835259,6호선
청담,수도권,37.51944838,127.0537089,7호선
강남구청,수도권,37.51720086,127.0412872,7호선
학동,수도권,37.5143566,127.0318974,7호선
논현,수도권,37.51118739,127.0216486,7호선
반포,수도권,37.50814341,127.0115816,7호선
고속터미널,수도권,37.50453984,127.0051346,7호선
내방,수도권,37.48765492,126.9935776,7호선
이수,수도권,37.48678878,126.9822028,7호선
남성,수도권,37.4847863,126.9708966,7호선
숭실대입구,수도권,37.49631367,126.9536129,7호선
상도,수도권,37.5028526,126.9479089,7호선
장승배기,수도권,37.50488464,126.9390633,7호선
신대방삼거리,수도권,37.49974281,126.928211,7호선
보라매,수도권,37.49991814,126.9205886,7호선
신풍,수도권,37.50010856,126.9097317,7호선
대림,수도권,37.49330273,126.8949265,7호선
남구로,수도권,37.48698929,126.8879703,7호선
가산디지털단지,수도권,37.48038874,126.8826437,7호선
철산,수도권,37.47619283,126.868202,7호선
광명사거리,수도권,37.47929468,126.8548557,7호선
천왕,수도권,37.48684204,126.8385816,7호선
온수,수도권,37.49195669,126.8238253,7호선
까치울,수도권,37.50620931,126.8113284,7호선
부천종합운동장,수도권,37.50541107,126.7972158,7호선
신중동,수도권,37.50294171,126.7768882,7호선
부천시청,수도권,37.50462869,126.764058,7호선
삼산체육관,수도권,37.50649141,126.7414097,7호선
굴포천,수도권,37.50702756,126.731342,7호선
부평구청,수도권,37.50741907,126.721433,7호선
암사,수도권,37.55013386,127.1275373,8호선
공릉,수도권,37.62553917,127.07302,7호선
춘의,수도권,37.50368117,126.7869967,7호선
천호,수도권,37.53849681,127.1239194,8호선
강동구청,수도권,37.53019318,127.1204437,8호선
몽촌토성,수도권,37.5178029,127.112845,8호선
잠실,수도권,37.51330927,127.1002152,8호선
석촌,수도권,37.50541053,127.1069905,8호선
송파,수도권,37.49971136,127.1121845,8호선
가락시장,수도권,37.49309205,127.1182582,8호선
문정,수도권,37.48602386,127.1224758,8호선
장지,수도권,37.4786317,127.126172,8호선
복정,수도권,37.47073829,127.1267014,8호선
산성,수도권,37.45679931,127.1500739,8호선
남한산성입구,수도권,37.45166871,127.1598735,8호선
단대오거리,수도권,37.4450234,127.156763,8호선
신흥,수도권,37.44090864,127.1475336,8호선
수진,수도권,37.43736718,127.1405209,8호선
모란,수도권,37.43402749,127.1299614,8호선
계양,수도권,37.57176634,126.7362714,인천선
귤현,수도권,37.56628441,126.7426746,인천선
박촌,수도권,37.55365762,126.7450494,인천선
임학,수도권,37.54499402,126.7386289,인천선
계산,수도권,37.54329353,126.7277267,인천선
경인교대입구,수도권,37.53810989,126.7226087,인천선
작전,수도권,37.53025304,126.7225473,인천선
갈산,수도권,37.51711408,126.7215327,인천선
부평구청,수도권,37.50741907,126.721433,인천선
부평시장,수도권,37.49835698,126.7222809,인천선
부평,수도권,37.48944182,126.7243266,인천선
동수,수도권,37.48549993,126.7185973,인천선
부평삼거리,수도권,37.47782129,126.7102825,인천선
인천시청,수도권,37.45772679,126.7022222,인천선
예술회관,수도권,37.44851514,126.7009026,인천선
인천터미널,수도권,37.44191665,126.6996858,인천선
상동,수도권,37.50577775,126.7531744,7호선
문학경기장,수도권,37.43463332,126.6984495,인천선
선학,수도권,37.42693984,126.6989096,인천선
신연수,수도권,37.41809734,126.6940197,인천선
원인재,수도권,37.41236884,126.6878756,인천선
동춘,수도권,37.40456527,126.6808375,인천선
동막,수도권,37.39793159,126.6734345,인천선
캠퍼스타운,수도권,37.38843935,126.6622061,인천선
테크노파크,수도권,37.38227737,126.6562946,인천선
지식정보단지,수도권,37.3774892,126.6458615,인천선
인천대입구,수도권,37.38619191,126.6395197,인천선
센트럴파크,수도권,37.39284549,126.6349707,인천선
국제업무지구,수도권,37.39964339,126.6305332,인천선
검단사거리,수도권,37.60165397,126.6564203,인천2호선
마전,수도권,37.59763047,126.6672189,인천2호선
독정,수도권,37.58484283,126.6759936,인천2호선
검암,수도권,37.56924921,126.6736388,인천2호선
검바위,수도권,37.56111491,126.6775225,인천2호선
서구청,수도권,37.54403015,126.6768266,인천2호선
가정,수도권,37.52481684,126.6753484,인천2호선
석남,수도권,37.50746614,126.6762831,인천2호선
서부여성회관,수도권,37.50032905,126.6758616,인천2호선
인천가좌,수도권,37.48982162,126.6752285,인천2호선
가재울,수도권,37.48413238,126.6837557,인천2호선
주안국가산단,수도권,37.47390817,126.6812212,인천2호선
주안,수도권,37.46503882,126.6799476,인천2호선
시민공원,수도권,37.45837437,126.6810611,인천2호선
석바위시장,수도권,37.45766545,126.692344,인천2호선
인천시청,수도권,37.45772679,126.7022222,인천2호선
석천사거리,수도권,37.45677405,126.7104089,인천2호선
모래내시장,수도권,37.45585919,126.7196125,인천2호선
만수,수도권,37.45496829,126.7317318,인천2호선
인천대공원,수도권,37.44847299,126.7528429,인천2호선
운연,수도권,37.43963899,126.7596067,인천2호선
개화,수도권,37.57833729,126.7968823,9호선
김포공항,수도권,37.56194774,126.8019069,9호선
공항시장,수도권,37.56367389,126.810595,9호선
신방화,수도권,37.56748653,126.8172183,9호선
마곡나루,수도권,37.56670899,126.8274074,9호선
양천향교,수도권,37.56806284,126.8419608,9호선
증미,수도권,37.55812134,126.8606334,9호선
등촌,수도권,37.55072086,126.8655586,9호선
선유도,수도권,37.53815324,126.8933248,9호선
왕길,수도권,37.59512545,126.6424774,인천2호선
완정,수도권,37.5928354,126.673015,인천2호선
염창,수도권,37.54696492,126.8748671,9호선
신목동,수도권,37.54427035,126.8830868,9호선
당산,수도권,37.5347735,126.9026073,9호선
국회의사당,수도권,37.52813568,126.9178209,9호선
여의도,수도권,37.52116647,126.9246384,9호선
샛강,수도권,37.51736656,126.9283751,9호선
노량진,수도권,37.51357125,126.9408887,9호선
노들,수도권,37.5126577,126.9530825,9호선
흑석,수도권,37.50916547,126.963445,9호선
동작,수도권,37.50297056,126.980299,9호선
구반포,수도권,37.50142181,126.9874468,9호선
신반포,수도권,37.50349472,126.9960643,9호선
고속터미널,수도권,37.50453984,127.0051346,9호선
사평,수도권,37.50423263,127.015268,9호선
신논현,수도권,37.50480751,127.0254694,9호선
석촌고분,수도권,37.50246428,127.0964912,9호선
석촌,수도권,37.50541053,127.1069905,9호선
송파나루,수도권,37.51100951,127.1126538,9호선
한성백제,수도권,37.51651998,127.1164401,9호선
올림픽공원,수도권,37.51632457,127.1309637,9호선
둔촌오륜,수도권,37.51939724,127.1386385,9호선
중앙보훈병원,수도권,37.52839539,127.1484071,9호선
마곡나루,수도권,37.56670899,126.8274074,공항철도
김포공항,수도권,37.56194774,126.8019069,공항철도
계양,수도권,37.57176634,126.7362714,공항철도
검암,수도권,37.56924921,126.6736388,공항철도
정자,수도권,37.3661666,127.1080794,신분당선
미금,수도권,37.3500734,127.1090044,신분당선
동천,수도권,37.33782491,127.1028478,신분당선
수지구청,수도권,37.32247817,127.0946585,신분당선
성복,수도권,37.31351444,127.0803656,신분당선
상현,수도권,37.29782538,127.069341,신분당선
광교중앙,수도권,37.28837349,127.0517173,신분당선
새말,수도권,37.74883428,127.0637459,의정부경전철
경기도청북부청사,수도권,37.75075784,127.0715997,의정부경전철
곤제,수도권,37.75053356,127.0838088,의정부경전철
가양,수도권,37.56142949,126.8544022,9호선
선정릉,수도권,37.51092904,127.0436137,9호선
삼성중앙,수도권,37.51296146,127.0530256,9호선
봉은사,수도권,37.51423744,127.0602203,9호선
종합운동장,수도권,37.51113026,127.0738359,9호선
삼전,수도권,37.5045437,127.0873557,9호선
서울역,수도권,37.55331631,126.9697383,공항철도
공덕,수도권,37.54453447,126.9514331,공항철도
홍대입구,수도권,37.55686353,126.923765,공항철도
디지털미디어시티,수도권,37.57600202,126.9012631,공항철도
청라국제도시,수도권,37.55645368,126.6246449,공항철도
운서,수도권,37.49280526,126.4937254,공항철도
양재시민의숲,수도권,37.47011519,127.0384578,신분당선
판교,수도권,37.39476222,127.1111922,신분당선
광교,수도권,37.30210833,127.0442598,신분당선
회룡,수도권,37.72379508,127.0472772,의정부경전철
범골,수도권,37.72878786,127.0436504,의정부경전철
경전철의정부,수도권,37.73725711,127.0432923,의정부경전철
의정부시청,수도권,37.73922403,127.0348299,의정부경전철
흥선,수도권,37.74327768,127.0371691,의정부경전철
의정부중앙,수도권,37.7436695,127.0496498,의정부경전철
공항화물청사,수도권,37.45905522,126.4774964,공항철도
인천공항1터미널,수도권,37.44751771,126.452579,공항철도
인천공항2터미널,수도권,37.46878217,126.4336365,공항철도
영종,수도권,37.51201816,126.5249715,공항철도
강남,수도권,37.49808544,127.0279777,신분당선
양재,수도권,37.48456871,127.034146,신분당선
강남대,수도권,37.27017075,127.1260489,용인경전철
지석,수도권,37.26972649,127.1366461,용인경전철
어정,수도권,37.27494413,127.1437363,용인경전철
동백,수도권,37.26909419,127.152677,용인경전철
초당,수도권,37.26079569,127.1594467,용인경전철
시청.용인대,수도권,37.23943123,127.1788761,용인경전철
명지대,수도권,37.23806189,127.1902777,용인경전철
김량장,수도권,37.23730938,127.1985928,용인경전철
운동장.송담대,수도권,37.23790397,127.2091202,용인경전철
고진,수도권,37.24463476,127.2141656,용인경전철
보평,수도권,37.25904358,127.2184675,용인경전철
둔전,수도권,37.26719783,127.2136206,용인경전철
발곡,수도권,37.72714428,127.052951,의정부경전철
송산,수도권,37.73726885,127.0871973,의정부경전철
탑석,수도권,37.73348351,127.0888945,의정부경전철
북한산우이,수도권,37.66298795,127.012739,우이신설경전철
솔밭공원,수도권,37.65597826,127.0132591,우이신설경전철
4.19민주묘지,수도권,37.64952717,127.0136886,우이신설경전철
가오리,수도권,37.64163416,127.016769,우이신설경전철
삼양사거리,수도권,37.62130733,127.0204798,우이신설경전철
솔샘,수도권,37.62024516,127.0135699,우이신설경전철
북한산보국문,수도권,37.61211873,127.0082453,우이신설경전철
정릉,수도권,37.6026038,127.0135214,우이신설경전철
성신여대입구,수도권,37.59296272,127.0171204,우이신설경전철
보문,수도권,37.58553809,127.0199945,우이신설경전철
오리,수도권,37.33981974,127.1089444,분당선
간석오거리,수도권,37.46707543,126.707905,인천선
종로3가,수도권,37.57042084,126.9921442,1호선
종로5가,수도권,37.57096169,127.0015395,1호선
동대문,수도권,37.571664,127.010618,1호선
신설동,수도권,37.57602276,127.0244522,1호선
제기동,수도권,37.57816449,127.0349359,1호선
청량리,수도권,37.58071852,127.0484998,1호선
동묘앞,수도권,37.57321306,127.0163461,1호선
대곡,수도권,37.63168113,126.810921,경의선
충무로,수도권,37.56139298,126.9941372,3호선
죽전,수도권,37.32437739,127.1075005,분당선
청계산입구,수도권,37.44834032,127.0547203,신분당선
신설동,수도권,37.57602276,127.0244522,우이신설경전철
소사,수도권,37.48279309,126.7956262,서해선
소새울,수도권,37.46850593,126.7972703,서해선
시흥대야,수도권,37.45009985,126.7929802,서해선
신천,수도권,37.43924062,126.7867727,서해선
신현,수도권,37.40956305,126.7878282,서해선
시흥시청,수도권,37.38155438,126.8059278,서해선
시흥능곡,수도권,37.36993571,126.8087123,서해선
달미,수도권,37.34878072,126.809398,서해선
선부,수도권,37.33440122,126.809976,서해선
초지,수도권,37.32066297,126.8059491,서해선
원곡,수도권,37.31314918,126.7957254,서해선
원시,수도권,37.30260931,126.7867755,서해선
양촌,수도권,37.64172689,126.6146761,김포골드
구래,수도권,37.64526526,126.6279376,김포골드
마산,수도권,35.2362021,128.5771687,김포골드
장기,수도권,37.64405437,126.6690741,김포골드
운양,수도권,37.65377136,126.6838309,김포골드
걸포북변,수도권,37.63162799,126.7057894,김포골드
사우,수도권,37.62000485,126.7204244,김포골드
풍무,수도권,37.61266242,126.7323442,김포골드
고촌,수도권,37.6012098,126.7703214,김포골드
김포공항,수도권,37.56194774,126.8019069,김포골드
서초,수도권,37.49183552,127.007644,2호선
이매,수도권,37.39470993,127.1272961,경강선
소요산,수도권,37.94888318,127.0611195,1호선
남동구청,수도권,37.44816748,126.7365477,인천2호선
왕십리,수도권,37.56126116,127.0370785,2호선
판교,수도권,37.39476222,127.1111922,경강선
신포,수도권,37.46844368,126.6245202,수인선
신내,수도권,37.61248742,127.1042669,6호선
상왕십리,수도권,37.56443486,127.0292701,2호선
삼가,수도권,37.24204192,127.1681754,용인경전철
한남,수도권,37.52942532,127.0091865,경의선
지제,수도권,37.01876739,127.0698282,1호선
전대.에버랜드,수도권,37.28546037,127.2193783,용인경전철
대림,수도권,37.49330273,126.8949265,2호선
아시아드경기장,수도권,37.55131091,126.6770894,인천2호선
신설동,수도권,37.57602276,127.0244522,2호선
도림천,수도권,37.51450082,126.8826355,2호선
양천구청,수도권,37.51237445,126.8657179,2호선
용두,수도권,37.57405492,127.0382621,2호선
중랑,수도권,37.5948318,127.0756623,경춘선
기흥,수도권,37.27544207,127.1170374,분당선
검단오류,수도권,37.59493622,126.6278939,인천2호선
용산,수도권,37.53006915,126.964815,경의선
수원,수도권,37.2657867,127.0000902,분당선
화정,수도권,37.63463316,126.8326658,3호선
언주,수도권,37.50732819,127.0339528,9호선
기흥,수도권,37.27544207,127.1170374,용인경전철
서울역,수도권,37.55331631,126.9697383,1호선
시청,수도권,37.56533728,126.9771812,1호선
종각,수도권,37.57022168,126.9831338,1호선
화계,수도권,37.6340838,127.0174924,우이신설경전철
삼양,수도권,37.62691185,127.0181477,우이신설경전철
회기,수도권,37.5897782,127.0580393,경의선
가좌,수도권,37.56875056,126.9148106,경의선
괴정,부산,35.0999289,128.9924695,1호선
교대,부산,35.19578391,129.079977,1호선
구서,부산,35.24727886,129.0912882,1호선
남산,부산,35.26519224,129.0924079,1호선
남포,부산,35.09789314,129.0347233,1호선
낫개,부산,35.06533499,128.979659,1호선
노포,부산,35.28383668,129.0950197,1호선
다대포항,부산,35.0576669,128.9712978,1호선
다대포해수욕장,부산,35.04814999,128.9657651,1호선
당리,부산,35.10355244,128.9736963,1호선
대티,부산,35.10315826,128.9999391,1호선
동대신,부산,35.11032516,129.0177269,1호선
동래,부산,35.20561432,129.078471,1호선
동매,부산,35.08974919,128.9735171,1호선
두실,부산,35.25700993,129.0913625,1호선
명륜,부산,35.21256808,129.0797025,1호선
범내골,부산,35.14731367,129.0592349,1호선
범어사,부산,35.27306434,129.0926323,1호선
범일,부산,35.14078756,129.0593338,1호선
부산,부산,35.11510135,129.0414025,1호선
부산대,부산,35.22964889,129.0894078,1호선
부산진,부산,35.1287873,129.0495761,1호선
부전,부산,35.16463714,129.0601107,1호선
사하,부산,35.09975347,128.9833859,1호선
서대신,부산,35.11090492,129.0121261,1호선
서면,부산,35.15792855,129.0592831,1호선
시청,부산,35.17967587,129.076559,1호선
신장림,부산,35.07473963,128.9765757,1호선
신평,부산,35.09522174,128.9606008,1호선
양정,부산,35.17279452,129.071094,1호선
연산,부산,35.18602365,129.0815942,1호선
온천장,부산,35.22025638,129.0864216,1호선
자갈치,부산,35.09719108,129.0260654,1호선
장림,부산,35.08195467,128.9773418,1호선
장전,부산,35.23806964,129.08813,1호선
좌천,부산,35.31129934,129.2438542,1호선
중앙,부산,35.10372329,129.0363595,1호선
초량,부산,35.12052329,129.0426566,1호선
토성,부산,35.10077466,129.0197722,1호선
하단,부산,35.10622415,128.9667862,1호선
가야,부산,35.15592834,129.0433001,2호선
감전,부산,35.15533177,128.9914717,2호선
개금,부산,35.1532278,129.0205635,2호선
경성대.부경대,부산,35.13759348,129.1005015,2호선
광안,부산,35.15784793,129.1131364,2호선
구남,부산,35.19667598,128.994852,2호선
구명,부산,35.20279855,128.9995471,2호선
금곡,부산,35.26723367,129.0167984,2호선
금련산,부산,35.14973961,129.1109517,2호선
남양산,부산,35.32544055,129.0194091,2호선
남천,부산,35.14200794,129.1078338,2호선
냉정,부산,35.15124178,129.0121096,2호선
대연,부산,35.1351255,129.092101,2호선
덕천,부산,35.21041971,129.0051583,2호선
덕포,부산,35.17331916,128.9837887,2호선
동백,부산,35.16132594,129.1479899,2호선
동원,부산,35.25863763,129.0124104,2호선
동의대,부산,35.15405393,129.0325879,2호선
모덕,부산,35.18040898,128.9855855,2호선
모라,부산,35.18953422,128.9885519,2호선
못골,부산,35.13471811,129.0843678,2호선
문현,부산,35.13902831,129.0673857,2호선
민락,부산,35.16706335,129.1220883,2호선
벡스코,부산,35.17123993,129.1367054,2호선
부산대양산캠퍼스,부산,35.31680797,129.0139829,2호선
부암,부산,35.15736239,129.0501612,2호선
사상,부산,35.16256857,128.9887072,2호선
서면,부산,35.15792855,129.0592831,2호선
센텀시티,부산,35.16894824,129.1317508,2호선
수영,부산,35.16567676,129.1148095,2호선
수정,부산,35.22316896,129.009096,2호선
양산,부산,35.33873215,129.0264263,2호선
율리,부산,35.24624837,129.0128511,2호선
장산,부산,35.16994518,129.1770135,2호선
전포,부산,35.15308476,129.0653713,2호선
주례,부산,35.15047566,129.0028741,2호선
중동,부산,35.16666894,129.1687615,2호선
증산,부산,35.30825469,129.0102749,2호선
지게골,부산,35.13555596,129.0744064,2호선
해운대,부산,35.16363723,129.1588926,2호선
호포,부산,35.28082925,129.0175092,2호선
화명,부산,35.23451172,129.0076404,2호선
강서구청,부산,35.21117988,128.9819865,3호선
거제,부산,35.18849557,129.0740831,3호선
구포,부산,35.20547021,128.9971093,3호선
남산정,부산,35.21331852,129.0237429,3호선
대저,부산,35.21304187,128.9606194,3호선
덕천,부산,35.21041971,129.0051583,3호선
만덕,부산,35.21300017,129.0362748,3호선
망미,부산,35.17148538,129.1083092,3호선
물만골,부산,35.17679717,129.0857052,3호선
미남,부산,35.20684043,129.068972,3호선
배산,부산,35.17349092,129.0955641,3호선
사직,부산,35.1986145,129.0651843,3호선
수영,부산,35.16567676,129.1148095,3호선
숙등,부산,35.21207064,129.0131927,3호선
연산,부산,35.18602365,129.0815942,3호선
종합운동장,부산,35.19154731,129.0674205,3호선
체육공원,부산,35.21246655,128.969412,3호선
고촌,부산,35.23600666,129.1604578,4호선
금사,부산,35.21577511,129.1151203,4호선
낙민,부산,35.20021201,129.0907612,4호선
동래,부산,35.20561432,129.078471,4호선
동부산대학,부산,35.23237755,129.1537499,4호선
명장,부산,35.20540842,129.1018738,4호선
미남,부산,35.20684043,129.068972,4호선
반여농산물시장,부산,35.21774666,129.1239782,4호선
서동,부산,35.21316823,129.1075202,4호선
석대,부산,35.21812998,129.1370117,4호선
수안,부산,35.20173717,129.0838397,4호선
안평,부산,35.333944,126.7802582,4호선
영산대,부산,35.22559271,129.1461028,4호선
충렬사,부산,35.20003683,129.0977611,4호선
국제금융센터.부산은행,부산,35.14590643,129.0667259,2호선
각산,대구,35.86798721,128.7242405,1호선
교대,대구,35.85063736,128.5905762,1호선
대곡,대구,35.80955835,128.5127572,1호선
대구,대구,35.87593813,128.5962637,1호선
대명,대구,35.83931822,128.5659359,1호선
동대구역,대구,35.87755008,128.6278968,1호선
동촌,대구,35.88605791,128.6502625,1호선
명덕,대구,35.85782162,128.5910961,1호선
반야월,대구,35.8659589,128.7135908,1호선
반월당,대구,35.86449649,128.5933329,1호선
방촌,대구,35.87963695,128.6701708,1호선
상인,대구,35.81891945,128.5377634,1호선
설화명곡,대구,35.79871233,128.4893441,1호선
성당못,대구,35.83717922,128.5571731,1호선
송현,대구,35.83103182,128.5517191,1호선
신기,대구,37.34592726,129.0849767,1호선
신천,대구,35.87467603,128.6178511,1호선
아양교,대구,35.88719084,128.639921,1호선
안심,대구,35.87120227,128.7337651,1호선
안지랑,대구,35.83921644,128.5737252,1호선
영대병원,대구,35.8441464,128.5880559,1호선
용계,대구,35.87610149,128.6820102,1호선
월배,대구,35.81616596,128.5303859,1호선
월촌,대구,35.82368686,128.5454682,1호선
율하,대구,35.86978751,128.6927044,1호선
중앙로,대구,35.87085011,128.5939694,1호선
진천,대구,35.81387994,128.5230621,1호선
칠성시장,대구,35.87609037,128.6051246,1호선
큰고개,대구,35.88403763,128.6319274,1호선
해안,대구,35.88353221,128.6596002,1호선
현충로,대구,35.84093518,128.5814621,1호선
화원,대구,35.80446456,128.5007131,1호선
감삼,대구,35.85430996,128.5481213,2호선
강창,대구,35.85307809,128.4785162,2호선
경대병원,대구,35.86314374,128.6028929,2호선
계명대,대구,35.85150761,128.4918363,2호선
고산,대구,35.84292626,128.6932401,2호선
내당,대구,35.86011562,128.5646401,2호선
다사,대구,35.86482299,128.458386,2호선
담티,대구,35.85477351,128.653975,2호선
대공원,대구,35.84269794,128.6799764,2호선
대구은행,대구,35.85974933,128.6141159,2호선
대실,대구,35.85760226,128.4652499,2호선
두류,대구,35.85720409,128.5556828,2호선
만촌,대구,35.85884731,128.6447389,2호선
문양,대구,35.86414371,128.4369847,2호선
반고개,대구,35.86224495,128.5727191,2호선
반월당,대구,35.86449649,128.5933329,2호선
범어,대구,35.85901968,128.6267872,2호선
사월,대구,35.83702642,128.7152922,2호선
성서산업단지,대구,35.85171507,128.5069827,2호선
수성구청,대구,35.85879135,128.6356384,2호선
신남,대구,35.86419088,128.5823669,2호선
신매,대구,35.84079369,128.7051252,2호선
연호,대구,35.84658057,128.6716687,2호선
영남대,대구,35.83619751,128.7527455,2호선
용산역 대구2호,대구,35.84906031,128.5288041,2호선
이곡,대구,35.85059492,128.5157944,2호선
임당,대구,35.83411783,128.7408368,2호선
정평,대구,35.8340413,128.7286623,2호선
죽전,대구,35.850717,128.5387979,2호선
건들바위,대구,35.85538264,128.5996815,3호선
공단,대구,35.89197939,128.5535944,3호선
구암,대구,35.92574234,128.5503326,3호선
남산,대구,35.85669699,128.5834577,3호선
달성공원,대구,35.87567517,128.582086,3호선
대봉교,대구,35.85498714,128.6063594,3호선
동천,대구,35.93769938,128.5566828,3호선
만평,대구,35.88982823,128.5610385,3호선
매천,대구,35.91267488,128.5434089,3호선
매천시장,대구,35.90435451,128.5457284,3호선
명덕,대구,35.85782162,128.5910961,3호선
범물,대구,35.82082848,128.6401036,3호선
북구청,대구,35.88374007,128.5814269,3호선
서문시장,대구,35.8696536,128.5822319,3호선
수성구민운동장,대구,35.85240979,128.6251246,3호선
수성못,대구,35.83134891,128.6232121,3호선
수성시장,대구,35.85431688,128.6160204,3호선
신남,대구,35.86419088,128.5823669,3호선
어린이회관,대구,35.84515548,128.6244674,3호선
용지,대구,35.81825339,128.6465342,3호선
원대,대구,35.88783407,128.5743546,3호선
지산,대구,35.82513898,128.6319377,3호선
칠곡경대병원,대구,35.95838399,128.5598818,3호선
칠곡운암,대구,35.93145546,128.5545216,3호선
태전,대구,35.91963411,128.5474216,3호선
팔거,대구,35.94403995,128.5583365,3호선
팔달,대구,35.89783532,128.5467313,3호선
팔달시장,대구,35.88883818,128.5678629,3호선
학정,대구,35.95154431,128.5591932,3호선
황금,대구,35.83907142,128.6239007,3호선
녹동,광주,35.10678707,126.933991,1호선
소태,광주,35.12333528,126.9323979,1호선
학동증심사입구,광주,35.1327252,126.9283963,1호선
남광주,광주,35.13928379,126.9229699,1호선
문화전당,광주,35.14658282,126.9198903,1호선
금남로4가,광주,35.15070738,126.9145088,1호선
금남로5가,광주,35.15418285,126.909303,1호선
양동시장,광주,35.15432078,126.9012692,1호선
돌고개,광주,35.15164743,126.8949291,1호선
농성,광주,35.15327765,126.8837108,1호선
화정,광주,35.15195464,126.8766011,1호선
쌍촌,광주,35.15158669,126.869534,1호선
운천,광주,37.87996802,126.769754,1호선
상무,광주,35.14665886,126.8485378,1호선
김대중컨벤션센터,광주,35.1432428,126.841565,1호선
공항,광주,35.14406527,126.8116275,1호선
송정공원,광주,35.14354082,126.7993603,1호선
광주송정역,광주,35.13748846,126.7915187,1호선
도산,광주,35.13176769,126.7879784,1호선
평동,광주,35.12472149,126.7695654,1호선
판암,대전,36.31695386,127.4584095,1호선
신흥,대전,36.31963986,127.4487815,1호선
대동,대전,36.32957502,127.4428243,1호선
대전,대전,36.3322925,127.4341077,1호선
중앙로,대전,36.3286455,127.4258236,1호선
중구청,대전,36.32479265,127.4195438,1호선
서대전네거리,대전,36.32241982,127.4125597,1호선
오룡,대전,36.32868214,127.404908,1호선
용문,대전,36.33777053,127.3927472,1호선
탄방,대전,36.34554726,127.3845652,1호선
시청,대전,36.35150604,127.3867335,1호선
정부청사,대전,37.42649391,126.9898545,1호선
갈마,대전,36.35757019,127.3727922,1호선
월평,대전,36.35824433,127.3645953,1호선
갑천,대전,36.35474155,127.3546858,1호선
유성온천,대전,36.35371679,127.3414235,1호선
구암,대전,36.35668473,127.3307186,1호선
현충원,대전,36.35907018,127.3217931,1호선
월드컵경기장,대전,36.3668489,127.317836,1호선
노은,대전,36.37413031,127.3178656,1호선
지족,대전,36.38409294,127.3194888,1호선
반석,대전,36.39225275,127.3145063,1호선
